REAL8,1,wavelength,wavel,6.283185307179586_rk,TRUE,TRUE,!wavelength  (unit),1,TRUE
REAL8,1,med_refractive_real,mre,1.0_rk,TRUE,TRUE,!medium refractive index(real),2,TRUE
REAL8,1,scatterer_radius,scRadius,2.0_rk,TRUE,TRUE,!scatterer radius,3,TRUE
REAL8,1,sca_refractive_real,scRealRef,1.31_rk,TRUE,TRUE,!scatterer refractive index(real),3,TRUE
REAL8,1,sca_refractive_imag,scImagRef,0.0_rk,TRUE,TRUE,!scatterer refractive index(imag),4,TRUE
REAL8,1,volume_element_radius,r_vol,20.0_rk,TRUE,TRUE,!Radius of the volument element (unit) ,5,TRUE
REAL8,1,volume_fraction,vf,0.125_rk,TRUE,TRUE,!Volume fraction,6,TRUE
REAL8,1,mean_free_path,ell1,-1.0_rk,FALSE,FALSE,!mean free path(not used),22,FALSE
INTEGER,1,n_angles_in_P,np,180,TRUE,TRUE,!Number of angles in phase and amplitude matrices.,7,TRUE
INTEGER,1,n_particles_cubic_cell,npz,10000,TRUE,TRUE,!Number of particles in the cubic cell.,8,TRUE
INTEGER,1,n_of_cells_generated,nzm,5,TRUE,TRUE,!Number of cubic cells generated.,9,TRUE
INTEGER,1,n_of_cubic_cells_drawn,nsm,100,TRUE,TRUE,!Number of volume elements drawn from a cubic cell.,10,TRUE
INTEGER,1,n_of_orientations_for_vol,nor,100,TRUE,TRUE,!Number of orientations for a volume element.,11,TRUE
LOGICAL,1,generateMieScatterer,generateMieScatterer,.True.,TRUE,TRUE,!Generate mie scatterer,12,TRUE
CHARACTER,64,input_scatterer_data,scattererData,scatterer.in,TRUE,TRUE,!Input data for scatterer,13,TRUE
CHARACTER,64,output_details,output_details,fodetails.out,TRUE,TRUE,!output for details,14,TRUE
CHARACTER,64,output_scatterer,saveScatterer,scatterer.out,TRUE,TRUE,!phase_and_amplitude_matrix,15,TRUE
INTEGER,1,number_of_scatterers,Nspheres,-1,TRUE,TRUE,!Radius of the volument element (unit) (overrides r_vol),16,TRUE
INTEGER,1,ncm,ncm,32,TRUE,TRUE,!integration points in spline presen.,16,TRUE
INTEGER,1,nrn,nrn,1000,TRUE,TRUE,!number of points in cdf,16,TRUE
REAL8,1,asd1,dthe,32,TRUE,FALSE,!variable needed by splines1,16,FALSE
INTEGER,1,asd2,ns,1000,TRUE,FALSE,!variable needed by splines2,16,FALSE
INTEGER,1,seed,seed,0,TRUE,TRUE,!seed of prgn,30,TRUE
REAL8,1,s_scattering_cross_sec,ssca,-1.0_rk,TRUE,TRUE,!Scatterer's scattering cross section,17,TRUE
REAL8,1,s_extinction_cross_sec,sext,-1.0_rk,TRUE,TRUE,!Scatterer's extinction cross section,18,TRUE
REAL8,1,s_abs_cross_sec,sabs,-1.0_rk,TRUE,TRUE,!Scatterer's absorption cross section,19,TRUE
REAL8,1,albedo,ssalbedo,-1.0_rk,FALSE,FALSE,!Albedo of the scatterer(not used),20,FALSE
CHARACTER,64,output_ext,outputExt,asd,FALSE,FALSE,!not used,122,FALSE
LOGICAL,1,output_ext,addInfo,.False.,FALSE,FALSE,!not used,122,FALSE
EXAMPLE,AMOUNT,asd,asd,asd,asd,asd,asd,999,TRUE
